Paul Ricoeur,111
Edmund Husserl,50
Descartes,49
Bergson,35
Freud,29
J.-P. Sartre,27
William James,27
Kant,22
Tolman,21
Maria Rilke,20
Gabriel Marcel,20
Alain,19
Kurt Goldstein,19
R. Dalbiez,19
Maine de Biran,19
Kurt Lewin,18
Forsch,15
Maurice Blondel,15
G. Dumas,15
Le Senne,14
A. Burloud,13
P. Guillaume,13
Malebranche,12
Ravaisson,12
Heymans,12
Epoche Bradley,11
P. Janet,10
Hegel,9
Martin Heidegger,9
Nietzsche,8
Koffka,8
Charles,8
Jean,8
A. Pfander,8
M. Pradines,8
Jean Nabert,8
Paul Valery,8
Elizabeth,7
Ribot,7
Thorndike,7
Goethe,7
Paul,7
Maurice Debesse,7
St. Thomas,7
Van der Veldt,7
Phil,6
Hamelin,6
Delacroix,6
Alcmene,6
Maurice,6
Kurt,6
Halle,6
Ludwig Klages,6
J. Laporte,6
Max Scheler,6
Der Wille,6
Marcus Aurelius,6
Kierkegaard,5
Minkowski,5
Kohler,5
Weizsacker,5
Rousseau,5
Renee,5
P. Essai,5
Hans Reiner,5
Karl Jaspers,5
G. Marcel,5
Shand,4
Michotte,4
Hildebrand,4
Schopenhauer,4
Rauh,4
Plato,4
Aristotle,4
Leibniz,4
Henri,4
Karl,4
William,4
Joseph,4
Edward,4
Andre,4
Maurice Merleau-Ponty,4
Joseph Joubert,4
Rainer Maria,4
M. D. Herter Norton,4
K. Jaspers,4
Les Sens,4
J. Boutonier,4
P. Mesland,4
Pierre Janet,4
Mounier,3
Husserlian,3
Dostoevski,3
Wollen,3
Pascal,3
Malinowski,3
Wundt,3
Gilson,3
Duncker,3
Pavlov,3
Tisserand,3
Albert,3
Emile,3
Wolfgang,3
John Macquarrie,3
Mikel Dufrenne,3
Alfred Adler,3
4i6n Watson,3
Charles Renouvier,3
Hemmung von Willensmessung,3
R. Aron,3
Gaston Bachelard,3
Ferdinand Brunot,3
R. Collin,3
Renee Dejean,3
Jean Rostand,3
Thomas Aquinas,3
Homo Viator,3
De Vangoisse,3
Les Volitions,3
La Psychologie,3
Le Mensonge,3
R. Le Senne,3
VIII,2
Glueck,2
Lind,2
Darwin,2
Dugas,2
Claparede,2
Achilles,2
Tilquin,2
Blanche,2
Sherrington,2
Bethe,2
Pieron,2
Nahlowsky,2
Principes,2
Ach,2
Locke,2
Carr,2
Johnson,2
Ann,2
Mallarme,2
Amiel,2
Hier,2
Dasein,2
Alfred,2
Raymond,2
Marcus,2
Gaston,2
Robert,2
Louis,2
Juliette,2
Francis,2
Ferdinand,2
Walter,2
Lucien,2
Roland,2
Mikel,2
Georges,2
Sigmund,2
Etienne,2
Georg,2
Martin,2
Gerardus,2
Edmund,2
Pierre,2
Immanuel,2
Ludwig,2
Gottfried,2
Jules,2
Lindworsky,2
Johannes,2
Nicholas,2
Bronislaw,2
Gabriel,2
Eugene,2
Michel,2
Alexander,2
Frederic,2
Felix,2
Hans,2
Jean-Paul,2
Arthur,2
Friedrich,2
Charles Adam,2
Charles Kelbley,2
Edward Robinson,2
Robert Rostal,2
Hazel Barnes,2
Josiah Royce,2
George J. Irwin,2
W. R. B. Gibson,2
J. Lequier,2
V. Dembo,2
Katherine Farrer,2
W. J. H. Sprott,2
Charles Baudoin,2
i6sn Giradoux,2
Lucien Cuenot,2
Marcel Proust,2
Peter Heath,2
E. Goblot,2
Andre Mayer,2
von Monakov,2
Maria Osvianskina,2
Edgar Allan Poe,2
Roland Dalbiez,2
Ueber den Willensakt,2
Der Aufbau,2
William Earle,2
Paul Valery (,2
Charles Blondel,2
De Malo,2
K. Lewin,2
Der Aufbau des Organismus,2
Les Debuts de Vintelligence,2
A. Karsten,2
De Vhabitude,2
B. Leishman,2
Stephen Spender,2
Quentin Lauer,2
Elizabeth Carter,2
Ernst Beutler,2
A. Brill,2
Thomas K. Abbot,2
Antoine de,2
Brentano,1
Le,1
Hume,1
Il,1
Freiheit,1
Phanomenologie,1
Grund,1
Abgrund,1
Gandhi,1
Jankelevich,1
Pauline,1
Erfassen,1
Dallenbach,1
Liebniz,1
Fischer,1
Frank,1
Bain,1
Semon,1
Jankelevitch,1
Tom,1
Guterman,1
Ines,1
Stapfer,1
Zeigarnik,1
Paulhan,1
Stoff,1
Essais,1
Elizebeth,1
Tims,1
God,1
Spencer,1
Cournot,1
Tun,1
Pelleas,1
Spinoza,1
Villon,1
Verlaine,1
Burman,1
Moncrieff,1
Jove,1
Gedenkausgabe,1
Briefe,1
Leben,1
Geist,1
Kleist,1
Narziss,1
Boutonoier,1
Camus,1
Cannon,1
Morton,1
Lindsay,1
Wolf,1
Lefebvre,1
Zeit,1
Sammelforschung,1
Calvert,1
Rennee,1
Leibnitz,1
Steiner,1
McDougall,1
Gouhier,1
Hazlitt,1
Ravaisson-Mollien,1
Theodule,1
Jean-Jacques,1
Max,1
Hillebrand,1
Wilhelm,1
Remy,1
Auguste,1
Fedor,1
Durkheim,1
Gide,1
Johann,1
David,1
Kersten,1
Soren,1
John,1
Stephane,1
Priim,1
Blaise,1
Josiah,1
Herbert,1
Paul RicoeurDigital Ricoeur,1
W. W. Norton,1
van Breda ( Paris,1
Marcel ’,1
van Breda,1
La Symbolique,1
Joseph Moreau,1
W. H. Sheldon,1
Klages ’ Vorschule der Charakterkunde,1
John H. Lavely,1
Derek Kelly,1
Frances Macpher-son Kohak,1
M. Nabert,1
Zur Psychologie der Gesin-nungen,1
La Pensee,1
Auguste Comte,1
Der Formalis-mus,1
Jean Nogue,1
Georges Dumas,1
C. D. Lewis,1
Don Quixotic,1
Sancho Panza,1
J. Mathews,1
ein Herausfassen,1
Phanomenologie des Wollens,1
Thomas ),1
C. Day Lewis,1
Struktur der Seele,1
Paul Guillaume,1
Zwei Grundtypen von Lebensprozessen,1
Johannes Lind-worsky,1
Ren6e Dejean,1
Ilcrc Maine de Biran,1
William MacDougall,1
Larguier des Bancels,1
P. Janet ’,1
R. Dejean,1
Charles Blondcl,1
L. Dumont,1
O. Selz,1
de Maine de Biran,1
L. Brunschvicg,1
Le Caractere,1
E. Mourner,1
R. Boyce Gibson,1
Charles Mauron,1
Mallarmi Vobscur,1
Befindlichkeit Heidegger,1
Ein Erlebnis,1
H. Vernet,1
L. Bournoure,1
Rainer Maria Rilke,1
Hughlings Jackson,1
M. Debesse,1
La Crise,1
M. Dcbesse,1
Le Temps,1
J. Laforgue,1
P. Valery,1
R. M. Rilke,1
Fiir den Gott,1
Jeder Engel,1
Romano Guardini,1
Hope Yet,1
George Long,1
R. L. Pogson,1
Arthur Mitchell,1
R. Ashley Audra,1
Cloudesley Brereton,1
Justin O ’ Brien,1
Paul Tannery,1
Elizabeth S. Haldane,1
G. R. T. Ross,1
G. Stanley Hall,1
Thomas d'Aquin,1
R. W. Boyce Gibson,1
Logische Untersuchungen,1
Vorlesungen zur Phdnomenologie,1
James S. Churchill,1
J. H. Bernard,1
Vorschule der Charakterkunde,1
Lecomte du Nouy,1
A. G. Langley,1
Zwei Grundtypen,1
A. Robinet,1
Emme Crauford,1
Bernard Wall,1
Alden L. Fisher,1
Collin Smith,1
Das Gefiihlsleben,1
I. Paris,1
Bernard Frechtman,1
Denis Devlin,1
E. B. Titchener,1
Don Quixote,1
de Biran,1
4o6n Mayer,1
Ivan P.,1
Edgar Allan,1
John B.,1
