Thinker,Frequency
Aristotle,127
Augustine,68
Braudel,66
Dray,53
Aron,46
Weber,45
Wright,42
Danto,27
Mandelbaum,26
Heidegger,23
Veyne,23
Gallie,22
Marrou,21
Redfield,20
Husserl,19
Hempel,18
Duby,17
White,17
Bloch,15
Goff,15
Guitton,14
Paul,13
Frye,12
Mink,12
Frankel,12
Furet,12
Kermode,11
Ranke,11
Chaunu,11
Kant,10
Plato,9
Augustin,9
Lallot,9
Gardiner,9
II,9
Ricoeur,8
O,8
Geertz,8
Marx,8
Collingwood,7
Meyer,7
Harper,7
Iser,6
Hegel,6
Labrousse,6
Tocqueville,6
Nyssa,6
Routledge,6
Reynolds,6
Schutz,6
’,5
Jauss,5
Febvre,5
Ryle,5
Nagel,5
Wittgenstein,5
Burckhardt,5
Bismarck,5
James,5
Karl,5
Charles,5
Seuil,4
Gadamer,4
Toynbee,4
Jean,4
Strauss,4
XIV,4
Croce,4
Michelet,4
Scholes,4
Gilson,4
Michel,4
Anscombe,4
Henri,4
Taylor,4
Wilhelm,4
McLaughlin,3
Meijering,3
Boros,3
Lucas,3
Hardison,3
Propp,3
Liibbe,3
Winch,3
Schafer,3
Schapp,3
Jesus,3
Dagognet,3
Rickert,3
Habermas,3
Langlois,3
Simon,3
Lacombe,3
Simiand,3
Huguette,3
Russell,3
Popper,3
Dan,3
Walsh,3
Certeau,3
Auerbach,3
Hume,3
V,3
Gerard,3
Dumezil,3
Plotin,3
Callahan,3
L,3
Verghese,3
Martin,3
Courcelle,3
Hutton,3
E,3
Reagan,3
Stewart,3
Vovelle,3
Gallimard,3
David,3
Victor,3
Robert,3
Pellauer,2
Plotinus,2
Minkowski,2
Adam,2
Roc,2
Rex,2
Herodotus,2
Cassirer,2
Leibniz,2
Dasein,2
Nietzsche,2
Mark,2
Kafka,2
Barthes,2
Benjamin,2
Fink,2
Philip,2
Mauss,2
Berr,2
Rimbaud,2
Kuznets,2
Marczewski,2
Aries,2
H,2
Whitehead,2
Peirce,2
Boethius,2
Booth,2
Kellogg,2
Wells,2
Metahistory,2
Gombrich,2
Pepper,2
Mannheim,2
Hayden,2
Caesar,2
Kries,2
Cournot,2
Fessard,2
Goethe,2
Stein,2
Arendt,2
Coulanges,2
Schumpeter,2
Great,2
Cochin,2
Brill,2
Solignac,2
Hermann,2
Goldschmidt,2
Weinrich,2
Balas,2
Smith,2
Gorgias,2
).,2
Socrates,2
Benveniste,2
Scribner,2
Golden,2
Geschichten,2
Gruyter,2
Richardson,2
Bremond,2
R,2
Blackwell,2
Granger,2
J,2
Goubert,2
Goldhammer,2
Bray,2
Braziller,2
Windelband,2
Norm,2
Malcolm,2
Strawson,2
Gaulle,2
Apel,2
Gramsci,2
Althusser,2
Bonaparte,2
Mead,2
Mackie,2
John,2
Levi,2
Durrell,2
Otto,2
Claude,2
Pierre,2
Georges,2
Georg,2
Wolfgang,2
Roy,2
Maurice,2
Stephen,2
de,2
Peter,2
McLAUGHLIN,1
Ricouer,1
Nu,1
Ed,1
Bien,1
Cunningham,1
Collyer,1
Valdes,1
Joshua,1
Distentio,1
Verba,1
God,1
Austin,1
Mimesis2,1
Ulysses,1
-,1
Iconographie,1
Pauline,1
Simmel,1
Annales,1
Terre,1
Buddha,1
Windel,1
“,1
Columbus,1
Nephew,1
Emplotment,1
Lubbe,1
Forschung,1
Krisis,1
Theorie,1
Mandel,1
Fugger,1
Sulaiman,1
Vara,1
Loyseau,1
Adalbero,1
Capetian,1
Brande,1
Arisotle,1
Brouwer,1
Temps,1
Beierwaltes,1
Klostermann,1
C,1
Sansoni,1
Dorrie,1
Athanasius,1
Clairvaux,1
Poetique,1
M,1
Blackmur,1
Hector,1
Riedel,1
Pamela,1
Bahti,1
Shaw,1
Macquarrie,1
Robinson,1
Essai,1
Colin,1
Heymann,1
G,1
Greimas,1
Christ,1
Patte,1
Phenomenologie,1
Paris,1
Minuit,1
Goodman,1
Hackett,1
Hof,1
Irwin,1
Seignobos,1
Berry,1
Holt,1
Olson,1
Chartier,1
Revel,1
Retz,1
Putnam,1
Focillon,1
Hogan,1
Keebler,1
Matthews,1
Beauvais,1
Provinciaux,1
Sructures,1
Jeux,1
Kochan,1
Piete,1
Fayard,1
Nora,1
Weaver,1
Ladurie,1
Mohr,1
Liveright,1
Berlin,1
Toulmin,1
Handlungsinterferenz,1
Philosophie,1
Tiffeneau,1
Carr,1
Shils,1
A,1
Finch,1
Loyola,1
Grund,1
Parsons,1
Lehnhart,1
Turner,1
Hart,1
Honore,1
Feeney,1
Voltaire,1
Kondratiev,1
Reep,1
Audisio,1
Giono,1
(,1
Dieux,1
Triplicity,1
Forster,1
Louis,1
Hannah,1
Philippe,1
Raymond,1
Gabriel,1
Eric,1
Roland,1
Werner,1
Walter,1
Emile,1
Bergson,1
Isaiah,1
Joseph,1
xii,1
Marc,1
Napoleon,1
Wayne,1
Stanislas,1
Fernand,1
Jacob,1
Julius,1
Ernst,1
Chamson,1
Andre,1
Christopher,1
Courtis,1
Benedetto,1
Arthur,1
Fustel,1
William,1
Roselyne,1
Lawrence,1
Lucien,1
Gaston,1
Eugen,1
Freud,1
Sigmund,1
Francois,1
Patrick,1
Clifford,1
Etienne,1
Nelson,1
Antonio,1
Jurgen,1
Hardy,1
Edmund,1
Henry,1
Joyce,1
Franz,1
Immanuel,1
Frank,1
Ernest,1
Jacques,1
Carlo,1
Kathleen,1
Norman,1
Irende,1
Marcel,1
Herbert,1
Ponty,1
Edward,1
Jules,1
Lewis,1
Eugene,1
Friedrich,1
Vladimir,1
Leopold,1
Peripeteia,1
Samuel,1
Bertrand,1
Gilbert,1
Josef,1
Alfred,1
Frangois,1
Richard,1
Spengler,1
Spinoza,1
Tolstoy,1
Arnold,1
Heinrich,1
Mario,1
Vico,1
Giambattista,1
Harald,1
Max,1
Morton,1
North,1
Ludwig,1
