Aristotle,189
Immanucl Kant,141
Martin Heidegger,65
John Rawls,51
G. W. F. Hegel,47
Donald Davidson,46
Peter Strawson,38
Emmanuel Levinas,36
Friedrich Nietzsche,34
E. Husserl,26
John Locke,24
David Hume,22
G. E. M. Anscombe,19
Derek Parfit,19
Rene Descartes,17
Hannah Arendt,17
Jurgen Habermas,16
Max Weber,14
Dasein,13
Plato,12
Creon,12
Remi Brague,12
Arthur Danto,11
Vladimir Propp,10
Ludwig Wittgenstein,10
Baruch Spinoza,9
G. Granger,9
Heideggerian Sorge,9
Maine de Biran,9
Gabriel Marcel,9
Husscrl,8
Alan Donagan,8
Alasdair Maclntyre,7
J. Habcrmas,7
Martha Nussbaum,7
Paul Ricoeur,7
W. D. Ross,7
Frank Kermode,7
Peter Kemp,7
Charles Taylor,7
Gewissen,6
Antigone,6
Francois Recanati,6
Kcgan Paul,6
Karl-Otto Apel,6
Didier Franck,6
Eric Weil,6
Socrates,5
Dascin,5
Sigmund Freud,5
E. Martineau,5
Hans-Georg Gadamer,5
Jean-Jacques Rousseau,5
R. Dworkin,5
E. Anscombc,5
H. L. A. Hart,5
Jean Nabert,5
Franco Volpi,5
O. Hoffe,5
Hans Jonas,5
G. Von Wright,5
Walter Benjamin,5
Pariente,4
Russell,4
Geist,4
Sittlichkeit,4
Gilbert Ryle,4
Roderick Chisholm,4
Claude Bremond,4
Anne Fagot,4
Sylvain Zac,4
Saint Thomas,4
Claude Lefort,4
Michel Henry,4
du Seuil,4
Robert,3
Ed,3
Pierre,3
Sartre,3
Matthew,3
Claude,3
A. J. Greimas,3
A. Maclntyrc,3
Michael Walzer,3
Werner Marx,3
John Perry,3
Louis O. Mink,3
Jean Nabcrt,3
George Stciner,3
H. R. Jauss,3
Raymond Aron,3
Paul Beauchamp,3
Northrup Frye,3
Jean Greisch,3
Eberhard Jiingel,3
Anthony Kenny,3
A. Lalande,3
Robert Musil,3
Manfred Riedel,3
Franz Rosenzweig,3
W. Schapp,3
Max Scheler,3
Jean-Luc Petit,3
E. Levinas,3
Karl Jaspers,3
D. Franck,3
Hackett,2
Jean-Paul,2
Bernanos,2
Leibniz,2
Quine,2
Frege,2
Hamlet,2
Harper,2
McKeon,2
Gauthicr-Jolif,2
Ethique,2
Ravaisson,2
Parflt,2
Jesus,2
Merleau-Ponty,2
Philia,2
Xenophon,2
Machiavelli,2
Augustine,2
Hobbes,2
Sophocles,2
Martha,2
Lycurgis,2
Steiner,2
Michael,2
Faber,2
Leib,2
Meno,2
Rene,2
Wilhelm,2
Jean,2
Martin,2
Michel,2
Karl,2
John,2
Charles,2
Max,2
Carole Blair,2
J. L. Austin,2
Charles S. Peircc,2
Joseph Butler,2
Amelie Oskenberg Rorty,2
Lewis White Beck,2
Genevieve Delaisi,2
Lawrence Kohiberg,2
R. Koselleck,2
Richard McKcon,2
John Macquarrie,2
Edward Robinson,2
J. Taminiaux,2
Fcrnand Braudel,2
Jean-Pierre Dupuy,2
Rene Girard,2
H. Paul Grice,2
Philippe Hamon,2
Edward H. Levi,2
Thomas Mann,2
C. S. Peirce,2
Charles Perelman,2
John R. Searle,2
Francois Wahl,2
Martial Gueroult,2
Harcourt Brace Jovanovich,2
du Scuil,2
Hannah Arcndt,2
Kathleen McLaughlin,2
Kegan Paul,2
Thomas Aquinas,2
Norman Kemp Smith,2
T. M. Knox,2
Von Wright,2
Charles A. Kelbley,2
Bernard Williams,2
Don Quixote,2
A. Lingis,2
M. Nijhoff,2
Pierre Aubenque,2
Martha C. Nussbaum,2
Otfried Hoffc,2
Oedipus Rex,2
Spacmann,1
Bianco,1
Temps,1
Selbst,1
Malebranche,1
Herder,1
Verstellung,1
Vortrage,1
Gewissheit,1
Pascal,1
Clark,1
Raskolnikoff,1
Searlc,1
Benvenistc,1
Lcmgages,1
Bcnveniste,1
Rccanati,1
Icbstrahle,1
Ichpol,1
L.W.,1
Routledge,1
Caesar,1
Srrawson,1
Hutchinson,1
Routledgc,1
Bismarck,1
Frcge,1
Routlcdgc,1
Dilthcy,1
Heraclitus,1
Alain,1
Constance,1
Allen,1
Unwin,1
Rusitania,1
Collins,1
Dilthey,1
Entstehung,1
Entwicklung,1
Brcmond,1
Dostoycvsky,1
Miller,1
Bctrachtungen,1
Levi-Strauss,1
Essai,1
Homer,1
Aristode,1
Macht,1
Herrschaft,1
Castella,1
Mariaga,1
Kiepcrheuer,1
Selbstliebe,1
Bilan,1
Bobbs-Mcrrill,1
Olivier,1
Dionysios,1
Mythe,1
Haemon,1
Danac,1
Teiresias,1
Bacchus,1
Ellendt,1
Tocquevillc,1
Abteilung,1
Hare,1
Gallimard,1
Jena,1
Parmenides,1
Marietti,1
Bewusstsein,1
Vezin,1
Zeit,1
Aristoteles,1
Mohr,1
Itinerari,1
Verstehen,1
Dcscartes,1
Philosophenbuch,1
Vorzeit,1
Cartesian,1
Sein,1
Martincau,1
Gadamcr,1
Hannah,1
Raymond,1
Walter,1
Bergson,1
Henri,1
Luke,1
Remi,1
Fernand,1
Buder,1
Joseph,1
Cornelius,1
Roderick,1
Collingwood,1
Arthur,1
Donald,1
Dclaisi,1
Gcnevicve,1
Alan,1
Jean-Pierre,1
Durkheim,1
Emile,1
Anne,1
Gottlob,1
Sigmund,1
Northrup,1
Hans-Georg,1
Philippe,1
David,1
Edmund,1
Jaus,1
Hans,1
Eberhard,1
Immanuel,1
Peter,1
Anthony,1
Frank,1
Reinhart,1
Leibnitz,1
Emmanuel,1
Alasdair,1
Gabriel,1
Roger,1
Maurice,1
Friedrich,1
Derek,1
Vladimir,1
Francois,1
Manfred,1
Jean-Jacques,1
Bertrand,1
Gilbert,1
Moralitat,1
Baruch,1
George,1
Suzen,1
Tolstoy,1
Leo,1
Franco,1
Eric,1
Ludwig,1
AnotherPaul RicoeurKathleen BlameyDigital Ricoeur,1
Kathleen Blamey,1
François Wahl,1
Schelling Vorlesungen,1
Jean Grcisch,1
Richard Kearney,1
"G. Guillaume,1",1
G. Guillaume,1
Michel Foucault,1
Donald A. Cress,1
Roger Ariew ( Minneapolis-University,1
Samuel Shirley,1
Daniel Breazeale,1
Paul de Man,1
Anthony M. Ludovici,1
T. N. Fowlis,1
Kathleen Blarney,1
John Thompson,1
Jesus Christ,1
du Ccrf,1
J. C. Paricnte,1
A. Colin,1
P. F. Strawson,1
Jeanne Dupont,1
Pierre Dupont,1
"Paul Grice,5",1
J. R. Searle,1
Paul Grice,1
Emile Benveniste,1
Elizabeth Meek,1
G. G. Granger,1
Charles Hartshornc,1
Paul Weis,1
G. Deledalle,1
A. I. Meldcn,1
Basil Blackwell,1
Denis Savage,1
P. U. R,1
G. Elizabeth Anscombe,1
G. E. M. Anscombc,1
Elizabeth Anscombc,1
Elizabeth Anscombe,1
P. R Strawson,1
Bruce Vcrmazen,1
Merrill B. Hintikka,1
David Pellauer,1
E. Anscombe,1
E. V. Kohak,1
R. P. Hardie,1
R. K. Gaye,1
A. Voilquin,1
Robert Czcrny,1
John Costello,1
W. F. R. Hardie,1
A. Danto,1
B. Heyman,1
Die Fragmente der Vorsokratiker,1
De Vhabitude,1
Sidney Shoemaker,1
David Lewis,1
Georges Rey,1
Matthew Kapstein,1
Jeanne-Marie Gagncbin,1
Ingram Bywatcr,1
Laurence Scott,1
Louis A. Wagner,1
Paul Perron,1
John Benjamins,1
Roland Barthes,1
Michel Leiris,1
John Scarle,1
Guenther Roth,1
Claus Wittich,1
Brian Fay,1
P. Lejeune,1
Roger Martin du Gard,1
Wilhelm Schapp,1
Reinhart Koselleck,1
Keith Tribe,1
F. Kermode,1
W. Benjamin,1
Harry Zohn,1
J. Coquet,1
Regina Schwartz,1
Paul Landsberg,1
Marcel Proust,1
D. Wiggins,1
A. O. Rorty,1
Max Sender,1
Peter Heath,1
Stcphan Strasser,1
Robert E. Wood,1
Felix Meincr Verlag,1
G. Fcssard,1
Dcsclce de Brouwer,1
William W. Hallo,1
E. Matthews,1
Alan Gcwirth,1
H. J. Paton,1
F. Riiegg,1
S. Gillioz,1
Simone Goyard- Fabre,1
O. Hoffc,1
B. Carnois,1
David Booth,1
Daniel Vandervekcn,1
D. Hcnrich,1
G. P. Prauss,1
Theodore M. Greene,1
Hoyt H. Hudson,1
H. Naef,1
J. Hirsch,1
Desclee de Brouwer,1
J. Habermas,1
K. O. Apcl,1
John Ladd,1
John Stuart Mill,1
Henry Sidgwick,1
"Jean-Pierre Dupuy,42",1
Leo Strauss,1
( Rawls,1
J.-P. Dupuy,1
Elizabeth Wyckoff,1
David Grcnc,1
Richmond Lattimorc,1
Emerson Buchanan,1
P. Vidal-Naquct,1
Von der Wahrheit,1
Simone Fraisse,1
M. Gcllrich,1
Cornelius Castoriadis,1
Vaclav Havel,1
P. Wilson,1
Jan Vladislov,1
M. Rcvault d'Allonnes,1
G. H. Taylor,1
David Macey,1
Bernard Carnois,1
Benjamin Constant,1
L. S. Stepelvich,1
M. H. Robins,1
Peter Smith,1
Paul Ricocur,1
Colloque Gabriel Marcel,1
James Ellington,1
Jeremy J. Shapiro,1
R. Lcllouchc,1
I. Mittmann,1
Christian Lenhardt,1
Shierry Weber Nicholson,1
M. Walzer,1
M. Sandel,1
C. Taylor,1
A. Maclntyre,1
Claude Lcfort,1
Alain Finkielkraut,1
L. Kohlbcrg,1
Riidiger Bubner,1
William J. Petrek,1
T. Hisashige,1
F. Calvo,1
Von Wesen,1
Vittorio Klostermann,1
Jerome Millon,1
Hannah Arcndt—and,1
Saint Paul,1
H. Oldenburg,1
G. Romeycr-Dherbey,1
Girard Etzkorn,1
de Minuit,1
Edward G. Ballard,1
Lester E. Embree,1
Didicr Franck,1
Dorion Cairns,1
Heinz Kohut,1
Richard A. Cohen,1
Francis Jacques,1
M. Gueroult,1
Walter Kaufmann,1
R. J. Hollingdale,1
G. Deleuze,1
James Strachcy,1
Les Ancetrcs,1
G. E. M.,1
Karl Otto,1
J. L.,1
Eticnne Bonnot,1
Martin Davidson,1
Johann Gottlieb,1
G. G.,1
H. Paul,1
H. L. A.,1
Georg W. R,1
Johann Gottfried,1
Gottfried Wilhclm,1
Edward H.,1
Nicolas de,1
Martin du Gard,1
John Stuart,1
Peter Paul,1
Charles S.,1
Jean Luc,1
Willard van Orman,1
John R.,1
Alexis de,1
Georg H. Von,1
